:START_ID,:END_ID,:TYPE,order:int
1695022436858335232,1695022365928460289,CONTAINS,1
1695022365928460289,1695022365928460290,CONTAINS,1
1695022365928460289,1695022365928460291,CONTAINS,2
1695022436858335232,1695022365928460292,CONTAINS,2
1695022365928460292,1695022365928460293,CONTAINS,1
1695022365928460292,1695022365928460294,CONTAINS,2
1695022436858335232,1695022365928460295,CONTAINS,3
1695022365928460295,1695022365928460296,CONTAINS,1
1695022365928460295,1695022365928460297,CONTAINS,2
1695022365928460295,1695022365928460298,CONTAINS,3
1695022365928460295,1695022365928460299,CONTAINS,4
1695022365928460295,1695022365928460300,CONTAINS,5
1695022365928460295,1695022365928460301,CONTAINS,6
1695022436858335232,1695022365928460302,CONTAINS,4
1695022365928460302,1695022365928460303,CONTAINS,1
1695022365928460302,1695022365928460304,CONTAINS,2
1695022365928460302,1695022365928460305,CONTAINS,3
1695022436858335232,1695022365928460306,CONTAINS,5
1695022365928460306,1695022365928460307,CONTAINS,1
1695022365928460306,1695022365928460308,CONTAINS,2
1695022365928460306,1695022365932654683,CONTAINS,3
1695022436858335232,1695022365928460309,CONTAINS,6
1695022365928460309,1695022365928460310,CONTAINS,1
1695022365928460309,1695022365928460311,CONTAINS,2
1695022365928460309,1695022365928460312,CONTAINS,3
1695022454440857600,1695022365928460313,CONTAINS,1
1695022365928460313,1695022365928460314,CONTAINS,1
1695022365928460313,1695022365928460315,CONTAINS,2
1695022365928460313,1695022365928460316,CONTAINS,3
1695022454440857600,1695022365928460317,CONTAINS,2
1695022365928460317,1695022365928460318,CONTAINS,1
1695022454440857600,1695022365928460319,CONTAINS,3
1695022365928460319,1695022365928460320,CONTAINS,1
1695022365928460319,1695022365928460321,CONTAINS,2
1695022365928460319,1695022365928460322,CONTAINS,3
1695022365928460319,1695022365928460323,CONTAINS,4
1695022365928460319,1695022365932654684,CONTAINS,5
1695022454440857600,1695022365928460324,CONTAINS,4
1695022365928460324,1695022365928460325,CONTAINS,1
1695022365928460324,1695022365928460326,CONTAINS,2
1695022454440857600,1695022365928460327,CONTAINS,5
1695022365928460327,1695022365928460328,CONTAINS,1
1695022365928460327,1695022365928460329,CONTAINS,2
1695022365928460327,1695022365928460330,CONTAINS,3
1695022365928460327,1695022365928460331,CONTAINS,4
1695022365928460327,1695022365932654685,CONTAINS,5
1695022454440857600,1695022365928460332,CONTAINS,6
1695022365928460332,1695022365928460333,CONTAINS,1
1695022365928460332,1695022365928460334,CONTAINS,2
1695022365928460332,1695022365928460335,CONTAINS,3
1695022454440857600,1695022365928460336,CONTAINS,7
1695022365928460336,1695022365928460337,CONTAINS,1
1695022365928460336,1695022365928460338,CONTAINS,2
1695022365928460336,1695022365928460339,CONTAINS,3
1695022365928460336,1695022365928460340,CONTAINS,4
1695022365928460336,1695022365928460341,CONTAINS,5
1695022454440857600,1695022365928460342,CONTAINS,8
1695022365928460342,1695022365928460343,CONTAINS,1
1695022365928460342,1695022365928460344,CONTAINS,2
1695022475529818112,1695022365928460345,CONTAINS,1
1695022365928460345,1695022365928460346,CONTAINS,1
1695022365928460345,1695022365928460347,CONTAINS,2
1695022365928460345,1695022365928460348,CONTAINS,3
1695022365928460345,1695022365928460349,CONTAINS,4
1695022475529818112,1695022365928460350,CONTAINS,2
1695022365928460350,1695022365928460351,CONTAINS,1
1695022365928460350,1695022365928460352,CONTAINS,2
1695022365928460350,1695022365928460353,CONTAINS,3
1695022365928460350,1695022365928460354,CONTAINS,4
1695022475529818112,1695022365928460355,CONTAINS,3
1695022365928460355,1695022365928460356,CONTAINS,1
1695022365928460355,1695022365928460357,CONTAINS,2
1695022365928460355,1695022365928460358,CONTAINS,3
1695022475529818112,1695022365928460359,CONTAINS,4
1695022365928460359,1695022365928460360,CONTAINS,1
1695022365928460359,1695022365928460361,CONTAINS,2
1695022365928460359,1695022365928460362,CONTAINS,3
1695022365928460359,1695022365928460363,CONTAINS,4
1695022475529818112,1695022365928460364,CONTAINS,5
1695022365928460364,1695022365928460365,CONTAINS,1
1695022365928460364,1695022365928460366,CONTAINS,2
1695022365928460364,1695022365928460367,CONTAINS,3
1695022365928460364,1695022365928460368,CONTAINS,4
1695022365928460364,1695022365928460369,CONTAINS,5
1695022365928460364,1695022365928460370,CONTAINS,6
1695022475529818112,1695022365928460371,CONTAINS,6
1695022365928460371,1695022365928460372,CONTAINS,1
1695022365928460371,1695022365928460373,CONTAINS,2
1695022475529818112,1695022365928460374,CONTAINS,7
1695022365928460374,1695022365928460375,CONTAINS,1
1695022365928460374,1695022365928460376,CONTAINS,2
1695022365928460374,1695022365928460377,CONTAINS,3
1695022365928460374,1695022365928460378,CONTAINS,4
1695022365928460374,1695022365928460379,CONTAINS,5
1695022365928460374,1695022365928460380,CONTAINS,6
1695022365928460374,1695022365932654694,CONTAINS,7
1695022475529818112,1695022365928460381,CONTAINS,8
1695022365928460381,1695022365928460382,CONTAINS,1
1695022365928460381,1695022365928460383,CONTAINS,2
1695022365928460381,1695022365928460384,CONTAINS,3
1695022475529818112,1695022365928460385,CONTAINS,9
1695022365928460385,1695022365928460386,CONTAINS,1
1695022365928460385,1695022365928460387,CONTAINS,2
1695022365928460385,1695022365928460388,CONTAINS,3
1695022365928460385,1695022365928460389,CONTAINS,4
1695022365928460385,1695022365928460390,CONTAINS,5
1695022475529818112,1695022365932654686,CONTAINS,10
1695022365932654686,1695022365932654687,CONTAINS,1
1695022365932654686,1695022365932654688,CONTAINS,2
1695022365932654686,1695022365932654689,CONTAINS,3
1695022365932654686,1695022365932654690,CONTAINS,4
1695022365932654686,1695022365932654691,CONTAINS,5
1695022475529818112,1695022365932654692,CONTAINS,11
1695022365932654692,1695022365932654693,CONTAINS,1
1695022503069618176,1695022365928460391,CONTAINS,1
1695022365928460391,1695022365928460392,CONTAINS,1
1695022365928460391,1695022365928460393,CONTAINS,2
1695022365928460391,1695022365928460394,CONTAINS,3
1695022365928460391,1695022365928460395,CONTAINS,4
1695022365928460391,1695022365928460396,CONTAINS,5
1695022365928460391,1695022365928460397,CONTAINS,6
1695022365928460391,1695022365928460398,CONTAINS,7
1695022503069618176,1695022365928460399,CONTAINS,2
1695022365928460399,1695022365928460400,CONTAINS,1
1695022503069618176,1695022365928460401,CONTAINS,3
1695022365928460401,1695022365928460402,CONTAINS,1
1695022503069618176,1695022365928460403,CONTAINS,4
1695022365928460403,1695022365928460404,CONTAINS,1
1695022365928460403,1695022365928460405,CONTAINS,2
1695022503069618176,1695022365928460406,CONTAINS,5
1695022365928460406,1695022365928460407,CONTAINS,1
1695022503069618176,1695022365928460408,CONTAINS,6
1695022365928460408,1695022365928460409,CONTAINS,1
1695022365928460408,1695022365928460410,CONTAINS,2
1695022365928460408,1695022365928460411,CONTAINS,3
1695022365928460408,1695022365928460412,CONTAINS,4
1695022365928460408,1695022365928460413,CONTAINS,5
1695022503069618176,1695022365928460414,CONTAINS,7
1695022365928460414,1695022365928460415,CONTAINS,1
1695022365928460414,1695022365928460416,CONTAINS,2
1695022365928460414,1695022365928460417,CONTAINS,3
1695022503069618176,1695022365928460418,CONTAINS,8
1695022365928460418,1695022365928460419,CONTAINS,1
1695022365928460418,1695022365928460420,CONTAINS,2
1695022523760119808,1695022365928460421,CONTAINS,1
1695022365928460421,1695022365928460422,CONTAINS,1
1695022365928460421,1695022365928460423,CONTAINS,2
1695022365928460421,1695022365928460424,CONTAINS,3
1695022523760119808,1695022365928460425,CONTAINS,2
1695022365928460425,1695022365928460426,CONTAINS,1
1695022365928460425,1695022365928460427,CONTAINS,2
1695022523760119808,1695022365928460428,CONTAINS,3
1695022365928460428,1695022365928460430,CONTAINS,1
1695022365928460428,1695022365928460429,CONTAINS,2
1695022523760119808,1695022365928460431,CONTAINS,4
1695022365928460431,1695022365928460432,CONTAINS,1
1695022365928460431,1695022365928460433,CONTAINS,2
1695022535286067200,1695022365928460434,CONTAINS,1
1695022365928460434,1695022365928460435,CONTAINS,1
1695022365928460434,1695022365928460436,CONTAINS,2
1695022365928460434,1695022365928460437,CONTAINS,3
1695022365928460434,1695022365928460438,CONTAINS,4
1695022535286067200,1695022365928460439,CONTAINS,2
1695022365928460439,1695022365928460442,CONTAINS,1
1695022365928460439,1695022365928460440,CONTAINS,2
1695022365928460439,1695022365928460441,CONTAINS,3
1695022535286067200,1695022365928460443,CONTAINS,3
1695022365928460443,1695022365928460445,CONTAINS,1
1695022365928460443,1695022365928460444,CONTAINS,2
1695022535286067200,1695022365928460446,CONTAINS,4
1695022365928460446,1695022365928460447,CONTAINS,1
1695022365928460446,1695022365928460448,CONTAINS,2
1695022365928460446,1695022365928460449,CONTAINS,3
1695022365928460446,1695022365928460450,CONTAINS,4
1695022365928460446,1695022365928460451,CONTAINS,5
1695022535286067200,1695022365928460452,CONTAINS,5
1695022365928460452,1695022365928460453,CONTAINS,1
1695022535286067200,1695022365928460454,CONTAINS,6
1695022365928460454,1695022365928460455,CONTAINS,1
1695022365928460454,1695022365928460456,CONTAINS,2
1695022365928460454,1695022365928460457,CONTAINS,3
1695022552306552832,1695022365928460458,CONTAINS,1
1695022365928460458,1695022365928460459,CONTAINS,1
1695022365928460458,1695022365928460460,CONTAINS,2
1695022365928460458,1695022365928460461,CONTAINS,3
1695022365928460458,1695022365928460462,CONTAINS,4
1695022552306552832,1695022365928460463,CONTAINS,2
1695022365928460463,1695022365928460464,CONTAINS,1
1695022365928460463,1695022365928460465,CONTAINS,2
1695022365928460463,1695022365928460466,CONTAINS,3
1695022365928460463,1695022365928460467,CONTAINS,4
1695022552306552832,1695022365928460468,CONTAINS,3
1695022365928460468,1695022365928460469,CONTAINS,1
1695022365928460468,1695022365928460470,CONTAINS,2
1695022365928460468,1695022365928460471,CONTAINS,3
1695022552306552832,1695022365928460472,CONTAINS,4
1695022365928460472,1695022365928460473,CONTAINS,1
1695022365928460472,1695022365928460474,CONTAINS,2
1695022365928460472,1695022365928460475,CONTAINS,3
1695022552306552832,1695022365928460476,CONTAINS,5
1695022365928460476,1695022365928460477,CONTAINS,1
1695022365928460476,1695022365928460478,CONTAINS,2
1695022365928460476,1695022365928460479,CONTAINS,3
1695022365928460476,1695022365928460480,CONTAINS,4
1695022565774462976,1695022365928460481,CONTAINS,1
1695022365928460481,1695022365928460482,CONTAINS,1
1695022365928460481,1695022365928460483,CONTAINS,2
1695022365928460481,1695022365928460484,CONTAINS,3
1695022365928460481,1695022365928460485,CONTAINS,4
1695022565774462976,1695022365928460486,CONTAINS,2
1695022365928460486,1695022365928460487,CONTAINS,1
1695022565774462976,1695022365928460488,CONTAINS,3
1695022365928460488,1695022365928460489,CONTAINS,1
1695022365928460488,1695022365928460490,CONTAINS,2
1695022565774462976,1695022365928460491,CONTAINS,4
1695022365928460491,1695022365928460492,CONTAINS,1
1695022365928460491,1695022365928460493,CONTAINS,2
1695022365928460491,1695022365928460494,CONTAINS,3
1695022365928460491,1695022365928460495,CONTAINS,4
1695022565774462976,1695022365928460496,CONTAINS,5
1695022365928460496,1695022365928460497,CONTAINS,1
1695022365928460496,1695022365928460498,CONTAINS,2
1695022565774462976,1695022365928460499,CONTAINS,6
1695022365928460499,1695022365928460500,CONTAINS,1
1695022365928460499,1695022365928460501,CONTAINS,2
1695022365928460499,1695022365928460502,CONTAINS,3
1695022565774462976,1695022365928460503,CONTAINS,7
1695022365928460503,1695022365928460504,CONTAINS,1
1695022365928460503,1695022365928460505,CONTAINS,2
1695022583491203072,1695022365928460506,CONTAINS,1
1695022365928460506,1695022365928460507,CONTAINS,1
1695022365928460506,1695022365928460508,CONTAINS,2
1695022365928460506,1695022365928460509,CONTAINS,3
1695022365928460506,1695022365928460510,CONTAINS,4
1695022365928460506,1695022365932654592,CONTAINS,5
1695022583491203072,1695022365932654593,CONTAINS,2
1695022365932654593,1695022365932654594,CONTAINS,1
1695022365932654593,1695022365932654595,CONTAINS,2
1695022365932654593,1695022365932654596,CONTAINS,3
1695022365932654593,1695022365932654695,CONTAINS,4
1695022583491203072,1695022365932654597,CONTAINS,3
1695022365932654597,1695022365932654598,CONTAINS,1
1695022365932654597,1695022365932654599,CONTAINS,2
1695022365932654597,1695022365932654600,CONTAINS,3
1695022365932654597,1695022365932654601,CONTAINS,4
1695022365932654597,1695022365932654602,CONTAINS,5
1695022365932654597,1695022365932654603,CONTAINS,6
1695022365932654597,1695022365932654696,CONTAINS,7
1695022583491203072,1695022365932654604,CONTAINS,4
1695022365932654604,1695022365932654605,CONTAINS,1
1695022365932654604,1695022365932654606,CONTAINS,2
1695022365932654604,1695022365932654607,CONTAINS,3
1695022583491203072,1695022365932654608,CONTAINS,5
1695022365932654608,1695022365932654609,CONTAINS,1
1695022365932654608,1695022365932654610,CONTAINS,2
1695022365932654608,1695022365932654611,CONTAINS,3
1695022365932654608,1695022365932654612,CONTAINS,4
1695022583491203072,1695022365932654613,CONTAINS,6
1695022365932654613,1695022365932654614,CONTAINS,1
1695022365932654613,1695022365932654615,CONTAINS,2
1695022365932654613,1695022365932654616,CONTAINS,3
1695022598473256960,1695022365932654617,CONTAINS,1
1695022365932654617,1695022365932654618,CONTAINS,1
1695022365932654617,1695022365932654619,CONTAINS,2
1695022365932654617,1695022365932654620,CONTAINS,3
1695022598473256960,1695022365932654621,CONTAINS,2
1695022365932654621,1695022365932654623,CONTAINS,1
1695022365932654621,1695022365932654624,CONTAINS,2
1695022365932654621,1695022365932654622,CONTAINS,3
1695022598473256960,1695022365932654625,CONTAINS,3
1695022365932654625,1695022365932654626,CONTAINS,1
1695022365932654625,1695022365932654627,CONTAINS,2
1695022365932654625,1695022365932654628,CONTAINS,3
1695022598473256960,1695022365932654629,CONTAINS,4
1695022365932654629,1695022365932654631,CONTAINS,1
1695022365932654629,1695022365932654632,CONTAINS,2
1695022365932654629,1695022365932654633,CONTAINS,3
1695022365932654629,1695022365932654630,CONTAINS,4
1695022598473256960,1695022365932654634,CONTAINS,5
1695022365932654634,1695022365932654635,CONTAINS,1
1695022365932654634,1695022365932654636,CONTAINS,2
1695022365932654634,1695022365932654637,CONTAINS,3
1695022598473256960,1695022365932654638,CONTAINS,6
1695022365932654638,1695022365932654639,CONTAINS,1
1695022365932654638,1695022365932654640,CONTAINS,2
1695022365932654638,1695022365932654641,CONTAINS,3
1695022613451116544,1695022365932654642,CONTAINS,1
1695022365932654642,1695022365932654643,CONTAINS,1
1695022365932654642,1695022365932654644,CONTAINS,2
1695022613451116544,1695022365932654645,CONTAINS,2
1695022365932654645,1695022365932654646,CONTAINS,1
1695022365932654645,1695022365932654647,CONTAINS,2
1695022365932654645,1695022365932654648,CONTAINS,3
1695022613451116544,1695022365932654649,CONTAINS,3
1695022365932654649,1695022365932654650,CONTAINS,1
1695022365932654649,1695022365932654651,CONTAINS,2
1695022365932654649,1695022365932654652,CONTAINS,3
1695022365932654649,1695022365932654653,CONTAINS,4
1695022365932654649,1695022365932654654,CONTAINS,5
1695022613451116544,1695022365932654655,CONTAINS,4
1695022365932654655,1695022365932654656,CONTAINS,1
1695022365932654655,1695022365932654657,CONTAINS,2
1695022365932654655,1695022365932654658,CONTAINS,3
1695022365932654655,1695022365932654659,CONTAINS,4
1695022623915905024,1695022365932654660,CONTAINS,1
1695022365932654660,1695022365932654664,CONTAINS,1
1695022365932654660,1695022365932654665,CONTAINS,2
1695022365932654660,1695022365932654661,CONTAINS,3
1695022365932654660,1695022365932654662,CONTAINS,4
1695022365932654660,1695022365932654663,CONTAINS,5
1695022623915905024,1695022365932654666,CONTAINS,2
1695022365932654666,1695022365932654668,CONTAINS,1
1695022365932654666,1695022365932654667,CONTAINS,2
1695022623915905024,1695022365932654669,CONTAINS,3
1695022365932654669,1695022365932654670,CONTAINS,1
1695022365932654669,1695022365932654671,CONTAINS,2
1695022623915905024,1695022365932654672,CONTAINS,4
1695022365932654672,1695022365932654673,CONTAINS,1
1695022365932654672,1695022365932654674,CONTAINS,2
1695022365932654672,1695022365932654675,CONTAINS,3
1695022623915905024,1695022365932654676,CONTAINS,5
1695022365932654676,1695022365932654677,CONTAINS,1
1695022365932654676,1695022365932654678,CONTAINS,2
1695022365932654676,1695022365932654679,CONTAINS,3
1695022623915905024,1695022365932654680,CONTAINS,6
1695022365932654680,1695022365932654681,CONTAINS,1
1695022365932654680,1695022365932654682,CONTAINS,2
