node_id:ID,name,level:int,parent_id,course_name,:LABEL
1695022436858335232,集合与映射,1,,北京航空航天大学·工科数学分析·上,KnowledgePoint
1695022365928460289,集合,2,1695022436858335232,北京航空航天大学·工科数学分析·上,KnowledgePoint
1695022365928460290,集合的定义,3,1695022365928460289,北京航空航天大学·工科数学分析·上,KnowledgePoint
1695022365928460291,集合的运算,3,1695022365928460289,北京航空航天大学·工科数学分析·上,KnowledgePoint
1695022365928460292,映射,2,1695022436858335232,北京航空航天大学·工科数学分析·上,KnowledgePoint
1695022365928460293,映射的定义,3,1695022365928460292,北京航空航天大学·工科数学分析·上,KnowledgePoint
1695022365928460294,映射的分类,3,1695022365928460292,北京航空航天大学·工科数学分析·上,KnowledgePoint
1695022365928460295,函数,2,1695022436858335232,北京航空航天大学·工科数学分析·上,KnowledgePoint
1695022365928460296,函数的定义,3,1695022365928460295,北京航空航天大学·工科数学分析·上,KnowledgePoint
1695022365928460297,函数的表示方法,3,1695022365928460295,北京航空航天大学·工科数学分析·上,KnowledgePoint
1695022365928460298,函数的运算,3,1695022365928460295,北京航空航天大学·工科数学分析·上,KnowledgePoint
1695022365928460299,函数的基本特征,3,1695022365928460295,北京航空航天大学·工科数学分析·上,KnowledgePoint
1695022365928460300,反函数,3,1695022365928460295,北京航空航天大学·工科数学分析·上,KnowledgePoint
1695022365928460301,初等函数,3,1695022365928460295,北京航空航天大学·工科数学分析·上,KnowledgePoint
1695022365928460302,集合的势与可数集,2,1695022436858335232,北京航空航天大学·工科数学分析·上,KnowledgePoint
1695022365928460303,A与B等价,3,1695022365928460302,北京航空航天大学·工科数学分析·上,KnowledgePoint
1695022365928460304,数集的分类,3,1695022365928460302,北京航空航天大学·工科数学分析·上,KnowledgePoint
1695022365928460305,势的常识,3,1695022365928460302,北京航空航天大学·工科数学分析·上,KnowledgePoint
1695022365928460306,确界存在定理,2,1695022436858335232,北京航空航天大学·工科数学分析·上,KnowledgePoint
1695022365928460307,集合的界,3,1695022365928460306,北京航空航天大学·工科数学分析·上,KnowledgePoint
1695022365928460308,确界的定义,3,1695022365928460306,北京航空航天大学·工科数学分析·上,KnowledgePoint
1695022365932654683,确界存在定理,3,1695022365928460306,北京航空航天大学·工科数学分析·上,KnowledgePoint
1695022365928460309,极坐标与不等式,2,1695022436858335232,北京航空航天大学·工科数学分析·上,KnowledgePoint
1695022365928460310,极坐标的概念,3,1695022365928460309,北京航空航天大学·工科数学分析·上,KnowledgePoint
1695022365928460311,极坐标与直角坐标的关系,3,1695022365928460309,北京航空航天大学·工科数学分析·上,KnowledgePoint
1695022365928460312,常用的不等式,3,1695022365928460309,北京航空航天大学·工科数学分析·上,KnowledgePoint
1695022454440857600,数列极限,1,,北京航空航天大学·工科数学分析·上,KnowledgePoint
1695022365928460313,数列极限的定义,2,1695022454440857600,北京航空航天大学·工科数学分析·上,KnowledgePoint
1695022365928460314,数列的定义,3,1695022365928460313,北京航空航天大学·工科数学分析·上,KnowledgePoint
1695022365928460315,数列极限的定义,3,1695022365928460313,北京航空航天大学·工科数学分析·上,KnowledgePoint
1695022365928460316,数列极限的几何解释,3,1695022365928460313,北京航空航天大学·工科数学分析·上,KnowledgePoint
1695022365928460317,用定义证明数列极限,2,1695022454440857600,北京航空航天大学·工科数学分析·上,KnowledgePoint
1695022365928460318,用定义证明数列极限举例,3,1695022365928460317,北京航空航天大学·工科数学分析·上,KnowledgePoint
1695022365928460319,收敛数列的性质,2,1695022454440857600,北京航空航天大学·工科数学分析·上,KnowledgePoint
1695022365928460320,收敛数列的唯一性,3,1695022365928460319,北京航空航天大学·工科数学分析·上,KnowledgePoint
1695022365928460321,收敛数列的有界性,3,1695022365928460319,北京航空航天大学·工科数学分析·上,KnowledgePoint
1695022365928460322,数列极限的保序性,3,1695022365928460319,北京航空航天大学·工科数学分析·上,KnowledgePoint
1695022365928460323,数列极限的保号性,3,1695022365928460319,北京航空航天大学·工科数学分析·上,KnowledgePoint
1695022365932654684,数列极限与子列极限的一致性,3,1695022365928460319,北京航空航天大学·工科数学分析·上,KnowledgePoint
1695022365928460324,数列极限的运算,2,1695022454440857600,北京航空航天大学·工科数学分析·上,KnowledgePoint
1695022365928460325,数列极限的四则运算,3,1695022365928460324,北京航空航天大学·工科数学分析·上,KnowledgePoint
1695022365928460326,数列极限的夹逼定理,3,1695022365928460324,北京航空航天大学·工科数学分析·上,KnowledgePoint
1695022365928460327,数列的无穷小与无穷大,2,1695022454440857600,北京航空航天大学·工科数学分析·上,KnowledgePoint
1695022365928460328,无穷小数列,3,1695022365928460327,北京航空航天大学·工科数学分析·上,KnowledgePoint
1695022365928460329,无穷小的性质,3,1695022365928460327,北京航空航天大学·工科数学分析·上,KnowledgePoint
1695022365928460330,无穷大数列,3,1695022365928460327,北京航空航天大学·工科数学分析·上,KnowledgePoint
1695022365928460331,无穷大的性质,3,1695022365928460327,北京航空航天大学·工科数学分析·上,KnowledgePoint
1695022365932654685,Stolz定理,3,1695022365928460327,北京航空航天大学·工科数学分析·上,KnowledgePoint
1695022365928460332,单调数列的极限及其应用,2,1695022454440857600,北京航空航天大学·工科数学分析·上,KnowledgePoint
1695022365928460333,数列极限的单调有界定理,3,1695022365928460332,北京航空航天大学·工科数学分析·上,KnowledgePoint
1695022365928460334,自然对数底e,3,1695022365928460332,北京航空航天大学·工科数学分析·上,KnowledgePoint
1695022365928460335,欧拉常数,3,1695022365928460332,北京航空航天大学·工科数学分析·上,KnowledgePoint
1695022365928460336,实数系基本定理,2,1695022454440857600,北京航空航天大学·工科数学分析·上,KnowledgePoint
1695022365928460337,闭区间套定理,3,1695022365928460336,北京航空航天大学·工科数学分析·上,KnowledgePoint
1695022365928460338,列紧性定理,3,1695022365928460336,北京航空航天大学·工科数学分析·上,KnowledgePoint
1695022365928460339,柯西基本定理,3,1695022365928460336,北京航空航天大学·工科数学分析·上,KnowledgePoint
1695022365928460340,有限覆盖定理,3,1695022365928460336,北京航空航天大学·工科数学分析·上,KnowledgePoint
1695022365928460341,定理等价性的讨论,3,1695022365928460336,北京航空航天大学·工科数学分析·上,KnowledgePoint
1695022365928460342,*上极限与下极限,2,1695022454440857600,北京航空航天大学·工科数学分析·上,KnowledgePoint
1695022365928460343,上极限与下极限的概念,3,1695022365928460342,北京航空航天大学·工科数学分析·上,KnowledgePoint
1695022365928460344,上极限与下极限的性质,3,1695022365928460342,北京航空航天大学·工科数学分析·上,KnowledgePoint
1695022475529818112,函数极限与连续,1,,北京航空航天大学·工科数学分析·上,KnowledgePoint
1695022365928460345,函数极限的定义,2,1695022475529818112,北京航空航天大学·工科数学分析·上,KnowledgePoint
1695022365928460346,邻域的定义,3,1695022365928460345,北京航空航天大学·工科数学分析·上,KnowledgePoint
1695022365928460347,自变量趋于有限值时函数极限的定义,3,1695022365928460345,北京航空航天大学·工科数学分析·上,KnowledgePoint
1695022365928460348,自变量趋于有限值时函数极限的几何意义,3,1695022365928460345,北京航空航天大学·工科数学分析·上,KnowledgePoint
1695022365928460349,函数的左右极限,3,1695022365928460345,北京航空航天大学·工科数学分析·上,KnowledgePoint
1695022365928460350,函数极限的性质,2,1695022475529818112,北京航空航天大学·工科数学分析·上,KnowledgePoint
1695022365928460351,函数极限的唯一性,3,1695022365928460350,北京航空航天大学·工科数学分析·上,KnowledgePoint
1695022365928460352,函数极限的局部有界性,3,1695022365928460350,北京航空航天大学·工科数学分析·上,KnowledgePoint
1695022365928460353,函数极限的局部保序性,3,1695022365928460350,北京航空航天大学·工科数学分析·上,KnowledgePoint
1695022365928460354,函数极限的局部保号性,3,1695022365928460350,北京航空航天大学·工科数学分析·上,KnowledgePoint
1695022365928460355,其他过程的函数极限,2,1695022475529818112,北京航空航天大学·工科数学分析·上,KnowledgePoint
1695022365928460356,自变量趋于无穷大时函数极限的定义,3,1695022365928460355,北京航空航天大学·工科数学分析·上,KnowledgePoint
1695022365928460357,所有形式的极限,3,1695022365928460355,北京航空航天大学·工科数学分析·上,KnowledgePoint
1695022365928460358,自变量趋于无穷大时函数极限的几何意义,3,1695022365928460355,北京航空航天大学·工科数学分析·上,KnowledgePoint
1695022365928460359,函数连续的定义,2,1695022475529818112,北京航空航天大学·工科数学分析·上,KnowledgePoint
1695022365928460360,函数在一点处连续的定义,3,1695022365928460359,北京航空航天大学·工科数学分析·上,KnowledgePoint
1695022365928460361,函数在开区间上连续的定义,3,1695022365928460359,北京航空航天大学·工科数学分析·上,KnowledgePoint
1695022365928460362,函数左右连续的定义,3,1695022365928460359,北京航空航天大学·工科数学分析·上,KnowledgePoint
1695022365928460363,函数在闭区间上的连续,3,1695022365928460359,北京航空航天大学·工科数学分析·上,KnowledgePoint
1695022365928460364,连续函数的性质,2,1695022475529818112,北京航空航天大学·工科数学分析·上,KnowledgePoint
1695022365928460365,连续函数的局部有界性,3,1695022365928460364,北京航空航天大学·工科数学分析·上,KnowledgePoint
1695022365928460366,连续函数的局部保号性,3,1695022365928460364,北京航空航天大学·工科数学分析·上,KnowledgePoint
1695022365928460367,连续函数的四则运算,3,1695022365928460364,北京航空航天大学·工科数学分析·上,KnowledgePoint
1695022365928460368,复合函数的连续性,3,1695022365928460364,北京航空航天大学·工科数学分析·上,KnowledgePoint
1695022365928460369,反函数的连续性,3,1695022365928460364,北京航空航天大学·工科数学分析·上,KnowledgePoint
1695022365928460370,初等函数的连续性,3,1695022365928460364,北京航空航天大学·工科数学分析·上,KnowledgePoint
1695022365928460371,函数的间断点,2,1695022475529818112,北京航空航天大学·工科数学分析·上,KnowledgePoint
1695022365928460372,函数间断点的定义,3,1695022365928460371,北京航空航天大学·工科数学分析·上,KnowledgePoint
1695022365928460373,函数间断点的分类,3,1695022365928460371,北京航空航天大学·工科数学分析·上,KnowledgePoint
1695022365928460374,无穷小与无穷大的阶,2,1695022475529818112,北京航空航天大学·工科数学分析·上,KnowledgePoint
1695022365928460375,无穷小的定义,3,1695022365928460374,北京航空航天大学·工科数学分析·上,KnowledgePoint
1695022365928460376,无穷小量阶的比较,3,1695022365928460374,北京航空航天大学·工科数学分析·上,KnowledgePoint
1695022365928460377,无穷大的定义,3,1695022365928460374,北京航空航天大学·工科数学分析·上,KnowledgePoint
1695022365928460378,无穷大量阶的比较,3,1695022365928460374,北京航空航天大学·工科数学分析·上,KnowledgePoint
1695022365928460379,无穷小无穷大的表示与性质,3,1695022365928460374,北京航空航天大学·工科数学分析·上,KnowledgePoint
1695022365928460380,等价无穷小代换定理,3,1695022365928460374,北京航空航天大学·工科数学分析·上,KnowledgePoint
1695022365932654694,1^∞型极限的求解,3,1695022365928460374,北京航空航天大学·工科数学分析·上,KnowledgePoint
1695022365928460381,函数的一致连续性,2,1695022475529818112,北京航空航天大学·工科数学分析·上,KnowledgePoint
1695022365928460382,函数一致连续的定义,3,1695022365928460381,北京航空航天大学·工科数学分析·上,KnowledgePoint
1695022365928460383,函数不一致连续的定义,3,1695022365928460381,北京航空航天大学·工科数学分析·上,KnowledgePoint
1695022365928460384,函数一致连续的充要条件,3,1695022365928460381,北京航空航天大学·工科数学分析·上,KnowledgePoint
1695022365928460385,有限闭区间上连续函数的性质,2,1695022475529818112,北京航空航天大学·工科数学分析·上,KnowledgePoint
1695022365928460386,有界性定理,3,1695022365928460385,北京航空航天大学·工科数学分析·上,KnowledgePoint
1695022365928460387,最值存在定理,3,1695022365928460385,北京航空航天大学·工科数学分析·上,KnowledgePoint
1695022365928460388,零点存在定理,3,1695022365928460385,北京航空航天大学·工科数学分析·上,KnowledgePoint
1695022365928460389,介值定理,3,1695022365928460385,北京航空航天大学·工科数学分析·上,KnowledgePoint
1695022365928460390,康托定理,3,1695022365928460385,北京航空航天大学·工科数学分析·上,KnowledgePoint
1695022365932654686,函数极限的计算,2,1695022475529818112,北京航空航天大学·工科数学分析·上,KnowledgePoint
1695022365932654687,函数极限四则运算性质,3,1695022365932654686,北京航空航天大学·工科数学分析·上,KnowledgePoint
1695022365932654688,函数极限的夹逼定理,3,1695022365932654686,北京航空航天大学·工科数学分析·上,KnowledgePoint
1695022365932654689,海涅定理,3,1695022365932654686,北京航空航天大学·工科数学分析·上,KnowledgePoint
1695022365932654690,柯西收敛定理,3,1695022365932654686,北京航空航天大学·工科数学分析·上,KnowledgePoint
1695022365932654691,复合函数的极限,3,1695022365932654686,北京航空航天大学·工科数学分析·上,KnowledgePoint
1695022365932654692,利用连续性求函数极限,2,1695022475529818112,北京航空航天大学·工科数学分析·上,KnowledgePoint
1695022365932654693,利用连续性求函数极限,3,1695022365932654692,北京航空航天大学·工科数学分析·上,KnowledgePoint
1695022503069618176,函数的导数,1,,北京航空航天大学·工科数学分析·上,KnowledgePoint
1695022365928460391,导数的定义,2,1695022503069618176,北京航空航天大学·工科数学分析·上,KnowledgePoint
1695022365928460392,导数的引例,3,1695022365928460391,北京航空航天大学·工科数学分析·上,KnowledgePoint
1695022365928460393,导数的定义,3,1695022365928460391,北京航空航天大学·工科数学分析·上,KnowledgePoint
1695022365928460394,单侧导数,3,1695022365928460391,北京航空航天大学·工科数学分析·上,KnowledgePoint
1695022365928460395,可导的条件,3,1695022365928460391,北京航空航天大学·工科数学分析·上,KnowledgePoint
1695022365928460396,可导与连续的关系,3,1695022365928460391,北京航空航天大学·工科数学分析·上,KnowledgePoint
1695022365928460397,由定义求导的步骤,3,1695022365928460391,北京航空航天大学·工科数学分析·上,KnowledgePoint
1695022365928460398,常用函数的导数,3,1695022365928460391,北京航空航天大学·工科数学分析·上,KnowledgePoint
1695022365928460399,导数的四则运算法则,2,1695022503069618176,北京航空航天大学·工科数学分析·上,KnowledgePoint
1695022365928460400,求导的四则运算,3,1695022365928460399,北京航空航天大学·工科数学分析·上,KnowledgePoint
1695022365928460401,复合函数的求导法则,2,1695022503069618176,北京航空航天大学·工科数学分析·上,KnowledgePoint
1695022365928460402,复合函数的求导法则,3,1695022365928460401,北京航空航天大学·工科数学分析·上,KnowledgePoint
1695022365928460403,反函数的导数,2,1695022503069618176,北京航空航天大学·工科数学分析·上,KnowledgePoint
1695022365928460404,反函数的求导法则,3,1695022365928460403,北京航空航天大学·工科数学分析·上,KnowledgePoint
1695022365928460405,基本初等函数的导数公式,3,1695022365928460403,北京航空航天大学·工科数学分析·上,KnowledgePoint
1695022365928460406,幂指函数的导数,2,1695022503069618176,北京航空航天大学·工科数学分析·上,KnowledgePoint
1695022365928460407,对数求导法,3,1695022365928460406,北京航空航天大学·工科数学分析·上,KnowledgePoint
1695022365928460408,高阶导数,2,1695022503069618176,北京航空航天大学·工科数学分析·上,KnowledgePoint
1695022365928460409,高阶导数的定义,3,1695022365928460408,北京航空航天大学·工科数学分析·上,KnowledgePoint
1695022365928460410,高阶导数的运算法则,3,1695022365928460408,北京航空航天大学·工科数学分析·上,KnowledgePoint
1695022365928460411,莱布尼茨求导法则,3,1695022365928460408,北京航空航天大学·工科数学分析·上,KnowledgePoint
1695022365928460412,高阶导数的计算方法,3,1695022365928460408,北京航空航天大学·工科数学分析·上,KnowledgePoint
1695022365928460413,常用高阶导数公式,3,1695022365928460408,北京航空航天大学·工科数学分析·上,KnowledgePoint
1695022365928460414,隐函数的导数,2,1695022503069618176,北京航空航天大学·工科数学分析·上,KnowledgePoint
1695022365928460415,隐函数的概念,3,1695022365928460414,北京航空航天大学·工科数学分析·上,KnowledgePoint
1695022365928460416,隐函数求导法则,3,1695022365928460414,北京航空航天大学·工科数学分析·上,KnowledgePoint
1695022365928460417,求隐函数的高阶导数,3,1695022365928460414,北京航空航天大学·工科数学分析·上,KnowledgePoint
1695022365928460418,参数方程求导,2,1695022503069618176,北京航空航天大学·工科数学分析·上,KnowledgePoint
1695022365928460419,由参数方程所确定的函数的概念,3,1695022365928460418,北京航空航天大学·工科数学分析·上,KnowledgePoint
1695022365928460420,求由参数方程所确定函数的导数,3,1695022365928460418,北京航空航天大学·工科数学分析·上,KnowledgePoint
1695022523760119808,微分中值定理,1,,北京航空航天大学·工科数学分析·上,KnowledgePoint
1695022365928460421,极值与费马引理,2,1695022523760119808,北京航空航天大学·工科数学分析·上,KnowledgePoint
1695022365928460422,极值的定义,3,1695022365928460421,北京航空航天大学·工科数学分析·上,KnowledgePoint
1695022365928460423,费马引理,3,1695022365928460421,北京航空航天大学·工科数学分析·上,KnowledgePoint
1695022365928460424,驻点,3,1695022365928460421,北京航空航天大学·工科数学分析·上,KnowledgePoint
1695022365928460425,罗尔中值定理,2,1695022523760119808,北京航空航天大学·工科数学分析·上,KnowledgePoint
1695022365928460426,罗尔中值定理,3,1695022365928460425,北京航空航天大学·工科数学分析·上,KnowledgePoint
1695022365928460427,广义罗尔定理,3,1695022365928460425,北京航空航天大学·工科数学分析·上,KnowledgePoint
1695022365928460428,拉格朗日中值定理,2,1695022523760119808,北京航空航天大学·工科数学分析·上,KnowledgePoint
1695022365928460430,拉格朗日中值定理的应用,3,1695022365928460428,北京航空航天大学·工科数学分析·上,KnowledgePoint
1695022365928460429,拉格朗日中值定理,3,1695022365928460428,北京航空航天大学·工科数学分析·上,KnowledgePoint
1695022365928460431,柯西中值定理,2,1695022523760119808,北京航空航天大学·工科数学分析·上,KnowledgePoint
1695022365928460432,柯西中值定理,3,1695022365928460431,北京航空航天大学·工科数学分析·上,KnowledgePoint
1695022365928460433,中值定理之间的关系,3,1695022365928460431,北京航空航天大学·工科数学分析·上,KnowledgePoint
1695022535286067200,导数的应用,1,,北京航空航天大学·工科数学分析·上,KnowledgePoint
1695022365928460434,函数的单调性,2,1695022535286067200,北京航空航天大学·工科数学分析·上,KnowledgePoint
1695022365928460435,单调性的判别定理,3,1695022365928460434,北京航空航天大学·工科数学分析·上,KnowledgePoint
1695022365928460436,严格单调性的判别定理,3,1695022365928460434,北京航空航天大学·工科数学分析·上,KnowledgePoint
1695022365928460437,单调区间的求法,3,1695022365928460434,北京航空航天大学·工科数学分析·上,KnowledgePoint
1695022365928460438,单调性的应用,3,1695022365928460434,北京航空航天大学·工科数学分析·上,KnowledgePoint
1695022365928460439,函数的极值,2,1695022535286067200,北京航空航天大学·工科数学分析·上,KnowledgePoint
1695022365928460442,极值的判定定理2,3,1695022365928460439,北京航空航天大学·工科数学分析·上,KnowledgePoint
1695022365928460440,极值的必要条件,3,1695022365928460439,北京航空航天大学·工科数学分析·上,KnowledgePoint
1695022365928460441,极值的判定定理1,3,1695022365928460439,北京航空航天大学·工科数学分析·上,KnowledgePoint
1695022365928460443,函数的最值,2,1695022535286067200,北京航空航天大学·工科数学分析·上,KnowledgePoint
1695022365928460445,函数最值的应用,3,1695022365928460443,北京航空航天大学·工科数学分析·上,KnowledgePoint
1695022365928460444,函数最值的求法,3,1695022365928460443,北京航空航天大学·工科数学分析·上,KnowledgePoint
1695022365928460446,曲线的凹凸性与拐点,2,1695022535286067200,北京航空航天大学·工科数学分析·上,KnowledgePoint
1695022365928460447,曲线凹凸性的定义,3,1695022365928460446,北京航空航天大学·工科数学分析·上,KnowledgePoint
1695022365928460448,曲线凹凸性的判定定理,3,1695022365928460446,北京航空航天大学·工科数学分析·上,KnowledgePoint
1695022365928460449,拐点的定义,3,1695022365928460446,北京航空航天大学·工科数学分析·上,KnowledgePoint
1695022365928460450,拐点的求法,3,1695022365928460446,北京航空航天大学·工科数学分析·上,KnowledgePoint
1695022365928460451,凹凸性的应用,3,1695022365928460446,北京航空航天大学·工科数学分析·上,KnowledgePoint
1695022365928460452,函数图形的描绘,2,1695022535286067200,北京航空航天大学·工科数学分析·上,KnowledgePoint
1695022365928460453,函数作图中的微积分思想,3,1695022365928460452,北京航空航天大学·工科数学分析·上,KnowledgePoint
1695022365928460454,洛必达法则,2,1695022535286067200,北京航空航天大学·工科数学分析·上,KnowledgePoint
1695022365928460455,洛必达法则（0/0型）,3,1695022365928460454,北京航空航天大学·工科数学分析·上,KnowledgePoint
1695022365928460456,洛必达法则（∞/∞型）,3,1695022365928460454,北京航空航天大学·工科数学分析·上,KnowledgePoint
1695022365928460457,用洛必达法则求其他类型的未定式,3,1695022365928460454,北京航空航天大学·工科数学分析·上,KnowledgePoint
1695022552306552832,泰勒公式,1,,北京航空航天大学·工科数学分析·上,KnowledgePoint
1695022365928460458,微分的概念,2,1695022552306552832,北京航空航天大学·工科数学分析·上,KnowledgePoint
1695022365928460459,微分的定义,3,1695022365928460458,北京航空航天大学·工科数学分析·上,KnowledgePoint
1695022365928460460,可微和可导的关系,3,1695022365928460458,北京航空航天大学·工科数学分析·上,KnowledgePoint
1695022365928460461,微分的几何意义,3,1695022365928460458,北京航空航天大学·工科数学分析·上,KnowledgePoint
1695022365928460462,用微分求函数的近似值,3,1695022365928460458,北京航空航天大学·工科数学分析·上,KnowledgePoint
1695022365928460463,微分的运算法则,2,1695022552306552832,北京航空航天大学·工科数学分析·上,KnowledgePoint
1695022365928460464,基本初等函数的微分公式,3,1695022365928460463,北京航空航天大学·工科数学分析·上,KnowledgePoint
1695022365928460465,微分四则运算法则,3,1695022365928460463,北京航空航天大学·工科数学分析·上,KnowledgePoint
1695022365928460466,一阶微分的形式不变性,3,1695022365928460463,北京航空航天大学·工科数学分析·上,KnowledgePoint
1695022365928460467,高阶微分,3,1695022365928460463,北京航空航天大学·工科数学分析·上,KnowledgePoint
1695022365928460468,带佩亚诺余项的泰勒定理,2,1695022552306552832,北京航空航天大学·工科数学分析·上,KnowledgePoint
1695022365928460469,n阶泰勒多项式,3,1695022365928460468,北京航空航天大学·工科数学分析·上,KnowledgePoint
1695022365928460470,带佩亚诺余项的泰勒公式,3,1695022365928460468,北京航空航天大学·工科数学分析·上,KnowledgePoint
1695022365928460471,带佩亚诺余项的麦克劳林公式,3,1695022365928460468,北京航空航天大学·工科数学分析·上,KnowledgePoint
1695022365928460472,常用函数的麦克劳林展开式,2,1695022552306552832,北京航空航天大学·工科数学分析·上,KnowledgePoint
1695022365928460473,常用展开式（佩亚诺余项）,3,1695022365928460472,北京航空航天大学·工科数学分析·上,KnowledgePoint
1695022365928460474,求函数的泰勒展式,3,1695022365928460472,北京航空航天大学·工科数学分析·上,KnowledgePoint
1695022365928460475,利用泰勒展式求极限,3,1695022365928460472,北京航空航天大学·工科数学分析·上,KnowledgePoint
1695022365928460476,带拉格朗日余项的泰勒定理,2,1695022552306552832,北京航空航天大学·工科数学分析·上,KnowledgePoint
1695022365928460477,带拉格朗日余项的泰勒定理,3,1695022365928460476,北京航空航天大学·工科数学分析·上,KnowledgePoint
1695022365928460478,带拉格朗日余项的麦克劳林公式,3,1695022365928460476,北京航空航天大学·工科数学分析·上,KnowledgePoint
1695022365928460479,常用展开式（拉格朗日余项）,3,1695022365928460476,北京航空航天大学·工科数学分析·上,KnowledgePoint
1695022365928460480,用泰勒公式证明问题的技巧,3,1695022365928460476,北京航空航天大学·工科数学分析·上,KnowledgePoint
1695022565774462976,不定积分,1,,北京航空航天大学·工科数学分析·上,KnowledgePoint
1695022365928460481,不定积分的概念,2,1695022565774462976,北京航空航天大学·工科数学分析·上,KnowledgePoint
1695022365928460482,原函数的定义,3,1695022365928460481,北京航空航天大学·工科数学分析·上,KnowledgePoint
1695022365928460483,原函数存在的条件,3,1695022365928460481,北京航空航天大学·工科数学分析·上,KnowledgePoint
1695022365928460484,不定积分的定义,3,1695022365928460481,北京航空航天大学·工科数学分析·上,KnowledgePoint
1695022365928460485,基本积分表,3,1695022365928460481,北京航空航天大学·工科数学分析·上,KnowledgePoint
1695022365928460486,不定积分的性质,2,1695022565774462976,北京航空航天大学·工科数学分析·上,KnowledgePoint
1695022365928460487,不定积分的性质,3,1695022365928460486,北京航空航天大学·工科数学分析·上,KnowledgePoint
1695022365928460488,第一类换元法,2,1695022565774462976,北京航空航天大学·工科数学分析·上,KnowledgePoint
1695022365928460489,第一类换元公式,3,1695022365928460488,北京航空航天大学·工科数学分析·上,KnowledgePoint
1695022365928460490,凑微分法求不定积分举例,3,1695022365928460488,北京航空航天大学·工科数学分析·上,KnowledgePoint
1695022365928460491,第二类换元法,2,1695022565774462976,北京航空航天大学·工科数学分析·上,KnowledgePoint
1695022365928460492,第二类换元公式,3,1695022365928460491,北京航空航天大学·工科数学分析·上,KnowledgePoint
1695022365928460493,三角代换,3,1695022365928460491,北京航空航天大学·工科数学分析·上,KnowledgePoint
1695022365928460494,倒代换,3,1695022365928460491,北京航空航天大学·工科数学分析·上,KnowledgePoint
1695022365928460495,根式代换,3,1695022365928460491,北京航空航天大学·工科数学分析·上,KnowledgePoint
1695022365928460496,不定积分的分部积分法,2,1695022565774462976,北京航空航天大学·工科数学分析·上,KnowledgePoint
1695022365928460497,分部积分法,3,1695022365928460496,北京航空航天大学·工科数学分析·上,KnowledgePoint
1695022365928460498,分部积分法求不定积分举例,3,1695022365928460496,北京航空航天大学·工科数学分析·上,KnowledgePoint
1695022365928460499,有理函数的积分,2,1695022565774462976,北京航空航天大学·工科数学分析·上,KnowledgePoint
1695022365928460500,有理函数的定义,3,1695022365928460499,北京航空航天大学·工科数学分析·上,KnowledgePoint
1695022365928460501,有理函数化为部分分式之和,3,1695022365928460499,北京航空航天大学·工科数学分析·上,KnowledgePoint
1695022365928460502,有理函数的积分,3,1695022365928460499,北京航空航天大学·工科数学分析·上,KnowledgePoint
1695022365928460503,可化为有理函数的积分,2,1695022565774462976,北京航空航天大学·工科数学分析·上,KnowledgePoint
1695022365928460504,三角函数有理式的积分,3,1695022365928460503,北京航空航天大学·工科数学分析·上,KnowledgePoint
1695022365928460505,简单无理函数的积分,3,1695022365928460503,北京航空航天大学·工科数学分析·上,KnowledgePoint
1695022583491203072,定积分,1,,北京航空航天大学·工科数学分析·上,KnowledgePoint
1695022365928460506,定积分的概念,2,1695022583491203072,北京航空航天大学·工科数学分析·上,KnowledgePoint
1695022365928460507,定积分引例--曲边梯形面积,3,1695022365928460506,北京航空航天大学·工科数学分析·上,KnowledgePoint
1695022365928460508,定积分引例--变速直线运动路程,3,1695022365928460506,北京航空航天大学·工科数学分析·上,KnowledgePoint
1695022365928460509,定积分的定义,3,1695022365928460506,北京航空航天大学·工科数学分析·上,KnowledgePoint
1695022365928460510,定积分的几何意义,3,1695022365928460506,北京航空航天大学·工科数学分析·上,KnowledgePoint
1695022365932654592,用定积分的定义求积分,3,1695022365928460506,北京航空航天大学·工科数学分析·上,KnowledgePoint
1695022365932654593,可积的条件,2,1695022583491203072,北京航空航天大学·工科数学分析·上,KnowledgePoint
1695022365932654594,可积的必要条件,3,1695022365932654593,北京航空航天大学·工科数学分析·上,KnowledgePoint
1695022365932654595,可积的充分条件,3,1695022365932654593,北京航空航天大学·工科数学分析·上,KnowledgePoint
1695022365932654596,可积准则,3,1695022365932654593,北京航空航天大学·工科数学分析·上,KnowledgePoint
1695022365932654695,可积函数类,3,1695022365932654593,北京航空航天大学·工科数学分析·上,KnowledgePoint
1695022365932654597,可积函数的性质,2,1695022583491203072,北京航空航天大学·工科数学分析·上,KnowledgePoint
1695022365932654598,积分的线性性质,3,1695022365932654597,北京航空航天大学·工科数学分析·上,KnowledgePoint
1695022365932654599,积分的区间可加性,3,1695022365932654597,北京航空航天大学·工科数学分析·上,KnowledgePoint
1695022365932654600,积分的保序性,3,1695022365932654597,北京航空航天大学·工科数学分析·上,KnowledgePoint
1695022365932654601,积分中值定理,3,1695022365932654597,北京航空航天大学·工科数学分析·上,KnowledgePoint
1695022365932654602,推广的积分中值定理,3,1695022365932654597,北京航空航天大学·工科数学分析·上,KnowledgePoint
1695022365932654603,积分第二中值定理,3,1695022365932654597,北京航空航天大学·工科数学分析·上,KnowledgePoint
1695022365932654696,柯西-施瓦茨不等式,3,1695022365932654597,北京航空航天大学·工科数学分析·上,KnowledgePoint
1695022365932654604,*数值积分简介,2,1695022583491203072,北京航空航天大学·工科数学分析·上,KnowledgePoint
1695022365932654605,矩形法,3,1695022365932654604,北京航空航天大学·工科数学分析·上,KnowledgePoint
1695022365932654606,梯形法,3,1695022365932654604,北京航空航天大学·工科数学分析·上,KnowledgePoint
1695022365932654607,抛物线法,3,1695022365932654604,北京航空航天大学·工科数学分析·上,KnowledgePoint
1695022365932654608,微积分基本定理,2,1695022583491203072,北京航空航天大学·工科数学分析·上,KnowledgePoint
1695022365932654609,变上限积分函数的概念,3,1695022365932654608,北京航空航天大学·工科数学分析·上,KnowledgePoint
1695022365932654610,变上限积分函数的导数,3,1695022365932654608,北京航空航天大学·工科数学分析·上,KnowledgePoint
1695022365932654611,原函数存在定理,3,1695022365932654608,北京航空航天大学·工科数学分析·上,KnowledgePoint
1695022365932654612,牛顿-莱布尼兹公式,3,1695022365932654608,北京航空航天大学·工科数学分析·上,KnowledgePoint
1695022365932654613,定积分的计算,2,1695022583491203072,北京航空航天大学·工科数学分析·上,KnowledgePoint
1695022365932654614,定积分的换元公式,3,1695022365932654613,北京航空航天大学·工科数学分析·上,KnowledgePoint
1695022365932654615,定积分的分部积分公式,3,1695022365932654613,北京航空航天大学·工科数学分析·上,KnowledgePoint
1695022365932654616,定积分计算例题,3,1695022365932654613,北京航空航天大学·工科数学分析·上,KnowledgePoint
1695022598473256960,定积分的应用,1,,北京航空航天大学·工科数学分析·上,KnowledgePoint
1695022365932654617,微元法,2,1695022598473256960,北京航空航天大学·工科数学分析·上,KnowledgePoint
1695022365932654618,定积分的微元法,3,1695022365932654617,北京航空航天大学·工科数学分析·上,KnowledgePoint
1695022365932654619,微元法解决实际问题的使用对象,3,1695022365932654617,北京航空航天大学·工科数学分析·上,KnowledgePoint
1695022365932654620,微元法解决实际问题的步骤,3,1695022365932654617,北京航空航天大学·工科数学分析·上,KnowledgePoint
1695022365932654621,平面图形的面积,2,1695022598473256960,北京航空航天大学·工科数学分析·上,KnowledgePoint
1695022365932654623,参数方程情形,3,1695022365932654621,北京航空航天大学·工科数学分析·上,KnowledgePoint
1695022365932654624,极坐标情形,3,1695022365932654621,北京航空航天大学·工科数学分析·上,KnowledgePoint
1695022365932654622,直角坐标情形,3,1695022365932654621,北京航空航天大学·工科数学分析·上,KnowledgePoint
1695022365932654625,旋转体的体积和侧面积,2,1695022598473256960,北京航空航天大学·工科数学分析·上,KnowledgePoint
1695022365932654626,旋转体的体积,3,1695022365932654625,北京航空航天大学·工科数学分析·上,KnowledgePoint
1695022365932654627,平行截面面积为已知的立体的体积,3,1695022365932654625,北京航空航天大学·工科数学分析·上,KnowledgePoint
1695022365932654628,旋转曲面的侧面积,3,1695022365932654625,北京航空航天大学·工科数学分析·上,KnowledgePoint
1695022365932654629,平面曲线的弧长,2,1695022598473256960,北京航空航天大学·工科数学分析·上,KnowledgePoint
1695022365932654631,参数方程情形,3,1695022365932654629,北京航空航天大学·工科数学分析·上,KnowledgePoint
1695022365932654632,直角坐标情形,3,1695022365932654629,北京航空航天大学·工科数学分析·上,KnowledgePoint
1695022365932654633,极坐标情形,3,1695022365932654629,北京航空航天大学·工科数学分析·上,KnowledgePoint
1695022365932654630,平面曲线弧长的概念,3,1695022365932654629,北京航空航天大学·工科数学分析·上,KnowledgePoint
1695022365932654634,曲率,2,1695022598473256960,北京航空航天大学·工科数学分析·上,KnowledgePoint
1695022365932654635,曲率的定义,3,1695022365932654634,北京航空航天大学·工科数学分析·上,KnowledgePoint
1695022365932654636,曲率的计算方式,3,1695022365932654634,北京航空航天大学·工科数学分析·上,KnowledgePoint
1695022365932654637,曲率圆和曲率半径,3,1695022365932654634,北京航空航天大学·工科数学分析·上,KnowledgePoint
1695022365932654638,定积分在物理上的应用,2,1695022598473256960,北京航空航天大学·工科数学分析·上,KnowledgePoint
1695022365932654639,压力,3,1695022365932654638,北京航空航天大学·工科数学分析·上,KnowledgePoint
1695022365932654640,变力做功,3,1695022365932654638,北京航空航天大学·工科数学分析·上,KnowledgePoint
1695022365932654641,转动惯量,3,1695022365932654638,北京航空航天大学·工科数学分析·上,KnowledgePoint
1695022613451116544,广义积分,1,,北京航空航天大学·工科数学分析·上,KnowledgePoint
1695022365932654642,无穷区间上的积分,2,1695022613451116544,北京航空航天大学·工科数学分析·上,KnowledgePoint
1695022365932654643,无穷广义积分的概念,3,1695022365932654642,北京航空航天大学·工科数学分析·上,KnowledgePoint
1695022365932654644,无穷广义积分的性质,3,1695022365932654642,北京航空航天大学·工科数学分析·上,KnowledgePoint
1695022365932654645,非负函数无穷积分的收敛性判别,2,1695022613451116544,北京航空航天大学·工科数学分析·上,KnowledgePoint
1695022365932654646,非负函数无穷积分的收敛性判别法,3,1695022365932654645,北京航空航天大学·工科数学分析·上,KnowledgePoint
1695022365932654647,比较判别法,3,1695022365932654645,北京航空航天大学·工科数学分析·上,KnowledgePoint
1695022365932654648,比较判别法的极限形式,3,1695022365932654645,北京航空航天大学·工科数学分析·上,KnowledgePoint
1695022365932654649,一般函数收敛判别法,2,1695022613451116544,北京航空航天大学·工科数学分析·上,KnowledgePoint
1695022365932654650,柯西收敛原理,3,1695022365932654649,北京航空航天大学·工科数学分析·上,KnowledgePoint
1695022365932654651,无穷积分的绝对收敛和条件收敛,3,1695022365932654649,北京航空航天大学·工科数学分析·上,KnowledgePoint
1695022365932654652,第三积分中值定理,3,1695022365932654649,北京航空航天大学·工科数学分析·上,KnowledgePoint
1695022365932654653,狄利克雷判别法,3,1695022365932654649,北京航空航天大学·工科数学分析·上,KnowledgePoint
1695022365932654654,阿贝尔判别法,3,1695022365932654649,北京航空航天大学·工科数学分析·上,KnowledgePoint
1695022365932654655,瑕积分,2,1695022613451116544,北京航空航天大学·工科数学分析·上,KnowledgePoint
1695022365932654656,瑕积分的定义,3,1695022365932654655,北京航空航天大学·工科数学分析·上,KnowledgePoint
1695022365932654657,瑕积分的性质,3,1695022365932654655,北京航空航天大学·工科数学分析·上,KnowledgePoint
1695022365932654658,瑕积分收敛的判别方法,3,1695022365932654655,北京航空航天大学·工科数学分析·上,KnowledgePoint
1695022365932654659,Γ函数与B函数,3,1695022365932654655,北京航空航天大学·工科数学分析·上,KnowledgePoint
1695022623915905024,微分方程,1,,北京航空航天大学·工科数学分析·上,KnowledgePoint
1695022365932654660,微分方程的基本概念,2,1695022623915905024,北京航空航天大学·工科数学分析·上,KnowledgePoint
1695022365932654664,微分方程的初值问题,3,1695022365932654660,北京航空航天大学·工科数学分析·上,KnowledgePoint
1695022365932654665,微分方程的积分曲线,3,1695022365932654660,北京航空航天大学·工科数学分析·上,KnowledgePoint
1695022365932654661,微分方程的定义,3,1695022365932654660,北京航空航天大学·工科数学分析·上,KnowledgePoint
1695022365932654662,微分方程的分类,3,1695022365932654660,北京航空航天大学·工科数学分析·上,KnowledgePoint
1695022365932654663,微分方程的解,3,1695022365932654660,北京航空航天大学·工科数学分析·上,KnowledgePoint
1695022365932654666,可分离变量的微分方程,2,1695022623915905024,北京航空航天大学·工科数学分析·上,KnowledgePoint
1695022365932654668,可分离变量的微分方程的例题,3,1695022365932654666,北京航空航天大学·工科数学分析·上,KnowledgePoint
1695022365932654667,可分离变量的微分方程的解法,3,1695022365932654666,北京航空航天大学·工科数学分析·上,KnowledgePoint
1695022365932654669,齐次方程,2,1695022623915905024,北京航空航天大学·工科数学分析·上,KnowledgePoint
1695022365932654670,齐次方程,3,1695022365932654669,北京航空航天大学·工科数学分析·上,KnowledgePoint
1695022365932654671,*可化为齐次的方程,3,1695022365932654669,北京航空航天大学·工科数学分析·上,KnowledgePoint
1695022365932654672,一阶线性微分方程,2,1695022623915905024,北京航空航天大学·工科数学分析·上,KnowledgePoint
1695022365932654673,一阶线性微分方程的标准形式,3,1695022365932654672,北京航空航天大学·工科数学分析·上,KnowledgePoint
1695022365932654674,一阶线性微分方程的解法,3,1695022365932654672,北京航空航天大学·工科数学分析·上,KnowledgePoint
1695022365932654675,*伯努利方程,3,1695022365932654672,北京航空航天大学·工科数学分析·上,KnowledgePoint
1695022365932654676,二阶微分方程解的结构,2,1695022623915905024,北京航空航天大学·工科数学分析·上,KnowledgePoint
1695022365932654677,二阶微分方程的基本概念,3,1695022365932654676,北京航空航天大学·工科数学分析·上,KnowledgePoint
1695022365932654678,二阶齐次线性方程解的结构,3,1695022365932654676,北京航空航天大学·工科数学分析·上,KnowledgePoint
1695022365932654679,二阶非齐次线性方程解的结构,3,1695022365932654676,北京航空航天大学·工科数学分析·上,KnowledgePoint
1695022365932654680,二阶微分方程的解法,2,1695022623915905024,北京航空航天大学·工科数学分析·上,KnowledgePoint
1695022365932654681,二阶常系数齐次线性微分方程的解法,3,1695022365932654680,北京航空航天大学·工科数学分析·上,KnowledgePoint
1695022365932654682,二阶常系数非齐次线性微分方程的解法,3,1695022365932654680,北京航空航天大学·工科数学分析·上,KnowledgePoint
